fractional_bits,scale,resolution,positive_range,soft_start_step_raw,represented_step_v,one_step_error_uv,value_after_8000_steps_v,error_after_8000_steps_mv,otp_100c_range_pct,decision
16,65536,1.52587890625e-05,32767.99998474121,98,0.001495361328125,-4.638671875000031,11.962890625,-37.109375,0.30517578139210855,不选：软启动每周期增量过粗，8000 周期累计偏差约 37mV
20,1048576,9.5367431640625e-07,2047.9999990463257,1573,0.0015001296997070312,0.12969970703121877,12.00103759765625,1.03759765625,4.882812502273737,采用：软启动累计误差约 1mV，100°C 阈值仅占正量程约 4.88%
24,16777216,5.960464477539063e-08,127.99999994039536,25166,0.0015000104904174805,0.010490417480437525,12.000083923339844,0.08392333984375,78.12500003637979,不选：100°C 已占正量程约 78.13%，温度和异常输入余量不足
